class,comment
positif,Kami siap laksanakan Instruksi pak
positif,Siap melaksanakan intruksi pak
positif,Siap dukung dan sukseskan
positif,Langkah 3M ini sudah sukses di Bali memutus penyebaran covid pak presiden
positif,Siap amankan seluruh kebijakan kementerian Desa PDTT
positif,Siap utk di sosialisasikan ke setiap TPP yg ada di wilayah kabupaten Boltim
positif,Mendukung kebijakan Gus Menteri dalam upaya pencapaian SDGs Desa 3 yaitu Desa Sehat dan Sejahtera
positif,Mari bersama cegah penyebaran covid-19
positif,Mari kita sukseskan ppkm di masyarakat
positif,Siap kawal dan amankan kebijakan kemendes palaksanaan PPKM untuk kemajuan dan kesejahteraan masyarakat desa
positif,Semoga pak gubernur terus diberikan kekuatan untuk lanjutkan pengabdian bagi masyarakat..... langkah yang tepat akan mendapat pahala dari Allah SWT... bila semua niat karena ibadah.â€¦
positif,Semoga bapak selalu diberi kesehatan amin....salam dari kota reog Ponorogo jawa timur bapak
positif,Semangat selalu
positif,Semoga berhasil...mikro lockdown
positif,patuhi prokes dan terapkan 5M
positif,terimakasih atas layanan vaksin untuk warga lansia  yg sangat baik dan profesional semoga  layanan profesional tetap jadi standar Pemda DKI amin
positif,Sehat selalu pemimpinku
positif,Semoga selalu diberikan kesehatan dan kesabaran 
positif,semoga pandemi segera berakhir. Mau ikut vaksin tapi takut di suntik. he he
positif,"Makasih bu, sukses selalu"
positif,"tetap patuhi prokes , dukung penuh"
positif,Bravo buat dokter seluruh dunia khususnya di Indonesia telah berdiri di garda terdepan
positif,Aduh semoga dipercepatlah vaksin masal utk seluruh rakyat itu ya..biar agak kurang was wasnya
positif,Siap komandan
positif,Mari saling mengingatkan dilingkungan kita masingÂ²
positif,kami mendukung pemerintah memutuskan rantai covid 19 ditingkat keluarga untuk mendidik dan menasehati anak istri menurut prokes sebagian sop.
positif,Mari saling mengingatkan dilingkungan kita masingÂ²
positif,"Semoga pandemi cepat hilang,,,,, perekonomian pulih"
positif,"Moga cepat normal, sampai kapan kita semua seperti ini ya..?? Tetap pada protokol Covid, jaga sehat dan tetap SEMANGAT"
positif,"Ingat 5M ( memakai masker, mencuci tangan pakai sabun, menjaga jarak, menjauhi kerumunan dan membatasi mobilitas).""BERSAMA LAWAN COVID-19"""
positif,doakan saja supaya sampai bulan maret 2022
positif,Klo memang ada trend positif selama ppkm mikro kita harus bersyukur
positif,"Siap, Insya Allah tetap semangat, Pak...Terima kasih ya, Pak"
positif,Semoga covid cepat berlalu
positif,Terimakasih dr Restuti Saragih infonya..Aduh..jgn bertambah lagi pasien covid di medan
positif,Terima kasih info.a Bu dokter.Bravo buat dokter seluruh dunia khususnya di Indonesia telah berdiri di garda terdepan
positif,"Iya, Kakak...Aamiin YRA...Dan meskipun udah vaksin, wajib tetap prokes"
positif,Masha Allah Tabarakallah keren banget dek. Sehat dan sukses selalu sayang
positif,Alhamdulillah...yang penting sehat panjang umur....punya duit banyak ya nggak apa-apa
positif,"Alhamdulillah Brunei Darussalam sudah nol covid19,somoga saudara di Indonesia bisa"
positif,Maju pak Joko Wi jangan mundur asal mundur kasihan rakyat menangis bosku
positif,"Kebijakan yg baik dan efektif gini mestinya didukung, bukan malah dinyinyirin mbak2 dan mas2. Ayo lah dukung keberlanjutan PPKM berskala mikro biar bs tekan kasus baru Covid-19"
positif,Mantap pak lanjutkan Sampai 2022
positif,"Tetap pada protokol Covid, jaga sehat dan tetap SEMANGAT"
positif,Bersama Cegah Covid
positif,Indonesia BEBAS COVID 19 masyarakat SEHAT
positif,Mari kita saling jaga kesehatan masing masing di manapun tempat nya
positif,Sehat-sehat dan tetap semangat
positif,Salut tetep semangat buat kerja keras tuk menolong sesama
positif,"Setuju banget pak.. yang penting kita saling menjaga dan saling mengingatkan, jaga kebersihan dan keamanan bersama"
positif,Salut tetep semangat buat kerja keras tuk menolong sesama
positif,Patuhi protokol kesehatan untuk mewujudkan Blitar bebas covid-19#divisihumaspolri#patuhiprokes#AyoJogoBlitar#bebasCovid19#PPKMMikro https://t.co/HZw0xfTZ8A
positif,Patuhi protokol kesehatan untuk mewujudkan Blitar bebas covid-19#divisihumaspolri#patuhiprokes#AyoJogoBlitar#bebasCovid19#PPKMMikro https://t.co/HZw0xfTZ8A
positif,Patuhi protokol kesehatan untuk mewujudkan Blitar bebas covid-19#divisihumaspolri#patuhiprokes#AyoJogoBlitar#bebasCovid19#PPKMMikro https://t.co/HZw0xfTZ8A
positif,Kapolsek Selorejo pimmpin pelaksanaan pengawasan PPKM dan pembagian masker kepada jamaah sholat Jum'at di Masjid Al- Munir desa Sumberagung.#divisihumaspolri#patuhiprokes#AyoJogoBlitar#bebasCovid19#PPKMMikro https://t.co/lnxiWklj7q
positif,SURAT EDARAN BUPATI TENTANG PERPANJANGAN KEDUA PPKM MIKRO DAN PENGOPTIMALAN POSKO PENANGANAN CORONA VIRUS DISEASE 2019#MadiunInfo #InformasiMadiun #beritamadiun #MadiunNews #kabarMadiun #wisataMadiun #peristiwamadiun #ppkmmikro #prokes #operasiyustisi https://t.co/AMtVMfHKTl https://t.co/F4kYA0daff
positif,pencegahan penularan Covid-19 harus dilaksanakan dr lingkungan terkecil.Realisasikan posko tanggap corona di setiap desa/kelurahan.#LawanCovid19 #PPKMMikro#1JutaVaksinasiAman https://t.co/wVsTsg4Lsx
positif,PPKM Mikro Efektif Berhasil Menekan Kasus Baru Covid-19#indonesia #COVID19 #ppkmmikro #protokolkesehatan#janganlupakan5m https://t.co/1KIIwqU6cD
positif,#Masker_KU_melindungi_MU#Masker_MU_melindungi_KU    Polsek Ngunut melaksanakan Penerapan PPKM MIKRO guna menumbuhkan kesadaran masyarakat tentang ProKes 5M#saluspopulisupremalexesto#polrestulungagung#pidpolsekngunut#ppkmmikro#jatimbermasker#guyubrukun https://t.co/FYvbrbQvVY
positif,Bhabinkamtibmas Polsek Sumbang Desa Kedungmalang Aiptu Diya N sambangi bidan desa untuk berkoordinasi kegiatan bersama 3 pilarÂ  observasi convid 19 di desa binaan.#Jatenglawancorona #Ikutiaturancegahcorona #ppkmmikro#Amandirumah #Dirumahaja #Adaptasikebiasaambaru https://t.co/cvxi2Udqpe
positif,"Bhabinkambmas Desa Ngasinan Aiptu Bambang ADT bersama Babinsa Serma Lusyono, Bidan Desa dan Perdes Ngasinan mengantarkan warga untuk Swab di Puskesmas Weru Kabupaten Sukoharjo.Jumat, 12/3/21#humas_poldajateng #infopolisisukoharjo#polisisukoharjo#ppkmmikro. https://t.co/vU5ABZbuMH"
positif,For your information!PPKM Mikro Efektif Berhasil Menekan Kasus Baru Covid-19#indonesia #COVID19 #ppkmmikro #protokolkesehatan https://t.co/3JTlPo1pWo
positif,Patuhi protokol kesehatan untuk mewujudkan Blitar bebas covid-19#divisihumaspolri#patuhiprokes#AyoJogoBlitar#bebasCovid19#PPKMMikro https://t.co/L8dTHeGOZH
positif,Pam Prokes PPKM Mikro #Madiun Siapkan 14 Titik Pemeriksaan - #MadiunInfo #InformasiMadiun #beritamadiun #MadiunNews #kabarMadiun #peristiwamadiun #ppkmmikro #prokes #operasiyustisi #covid19#sarscov2 #satgas #posko #forkopimda #bupati #kabupatenmadiunhttps://t.co/FliofUyFti https://t.co/3x72ATVmYa
positif,"Tim Satgas Covid-19 Desa Ngasinan Kecamatan Bulu melaksanakan Tracking kepada warga masyarakat dalam rangka Penerapan Kebijakan PPKM Mikro untuk Mencegah Penularan Covid 19.Kamis, 11/3/21@yugo_bambang #humas_poldajateng #infopolisisukoharjo#polisisukoharjo#ppkmmikro https://t.co/sTaOCjnHOJ"
positif,Klo memang ada trend positif selama ppkm mikro kita harus bersyukur
positif,"PPKM Mikro Kota Malang Perpanjangan, Razia Masker Makin Rajin, Perpanjangan PPKM mikro Kota Malang tidak menurunkan semangat aparat. Sebaliknya, petugas gabungan semakin getol menggelar operasi yustisi #PPKMmikro #kotamalanghttps://t.co/2bBwgUhrnG"
positif,"https://t.co/sLbZJ0n3EW, #Kediri â€“ Pemerintah Kabupaten #Kediri resmi memperpanjang kebijakan Pemberlakuan Pengetatan Kegiatan Masyarakat...#BeritaKediri #Covid19 #KabupatenKediri #PpkmMikro #SatgasCovid19KabupatenKedirihttps://t.co/vUyd4NA5R0"
positif,"Mulai Malam Ini! Ada 35 Jalan di Kota Bandung Ditutup Selama Long Weekend, Ini Daftar Lengkapnya#bandung #ppkmmikro #longweekend https://t.co/wKuwOOpiXF"
positif,RT @diskominfo_grob: Perpanjangan Pemberlakuan Pembatasan Kegiatan Masyarakat mulai 9 s/d 22 Maret 2021#ppkmmikro#ppkm2021 #BersatuMelawanCovid19 https://t.co/1bpC6eIBfC
positif,Pemerintah menetapkan beberapa wilayah prioritas penerapan PPKM mikro di tujuh provinsi #Ppkmmikro https://t.co/0YFWkqKHus
positif,Perpanjangan Pemberlakuan Pembatasan Kegiatan Masyarakat mulai 9 s/d 22 Maret 2021#ppkmmikro#ppkm2021 #BersatuMelawanCovid19 https://t.co/1bpC6eIBfC
positif,"RT @arjuna16sp: Sebagai Mitra, #PendampingDesa mendampingi Tim Posko Desa Aman Covid19ğ—£ğ—¼ğ˜€ğ—¸ğ—¼ ğ—¡ğ—®ğ—´ğ—¼ğ—¿ğ—¶ ğ—”ğ—ºğ—®ğ—» ğ—–ğ—¼ğ˜ƒğ—¶ğ—±ğŸ­ğŸµ ğ—¡ğ—®ğ—´ğ—¼ğ—¿ğ—¶ ğ—£ğ—²ğ—ºğ—®ğ˜ğ—®ğ—»ğ—´ ğ—”ğ˜€ğ—¶ğ—¹ğ˜‚ğ—º ğŸ®ğŸ¬ğŸ®ğŸ­@halimiskandarnu @taufikmadjid71@yusradaridesa @tppkemendes#ğ‘ƒğ‘ƒğ¾ğ‘€ğ‘€ğ‘–ğ‘˜ğ‘Ÿğ‘œ https://t.co/cuA4CRHmp"
positif,PPKM mikro diperluas hingga luar kota #PPKM #ppkmmikro https://t.co/zsbonITaRl
positif,"Sebagai Mitra, #PendampingDesa mendampingi Tim Posko Desa Aman Covid19ğ—£ğ—¼ğ˜€ğ—¸ğ—¼ ğ—¡ğ—®ğ—´ğ—¼ğ—¿ğ—¶ ğ—”ğ—ºğ—®ğ—» ğ—–ğ—¼ğ˜ƒğ—¶ğ—±ğŸ­ğŸµ ğ—¡ğ—®ğ—´ğ—¼ğ—¿ğ—¶ ğ—£ğ—²ğ—ºğ—®ğ˜ğ—®ğ—»ğ—´ ğ—”ğ˜€ğ—¶ğ—¹ğ˜‚ğ—º ğŸ®ğŸ¬ğŸ®ğŸ­@halimiskandarnu @taufikmadjid71@yusradaridesa @tppkemendes#ğ‘ƒğ‘ƒğ¾ğ‘€ğ‘€ğ‘–ğ‘˜ğ‘Ÿğ‘œ https://t.co/cuA4CRHmpJ"
positif,pencegahan penularan Covid-19 harus dilaksanakan dr lingkungan terkecil.Realisasikan posko tanggap corona di setiap desa/kelurahan.#LawanCovid19 #PPKMMikro#1JutaVaksinasiAman https://t.co/iOn35iGQzq
positif,Jam Operasional Usaha Perdagangan Diperpanjang https://t.co/6kt1D3bizb #PPKMMikro #berita #nusabali
positif,"#Masker_KU_melindungi_MU#Masker_MU_melindungi_KU    PPKM MIKRO dan Pembentukan Posko penanganan Covid_19 mulai tingkat Desa, Kelurahan, RT/RW dalam rangka upaya memutus penyebaran Covid_19#polrestulungagung #pidpolsekngunut #polripresisi #ppkmmikro #guyubrukun https://t.co/WuRldTUZi3"
positif,"6 Daerah di Sumut Terapkan PPKM Mikro, Termasuk Pematangsiantar dan Simalungun#PPKM #PPKMMikro #Sumut https://t.co/4wvzLJ8p4I"
positif,@restulungagung Himbauan Tokoh Agama tentang PPKM Mikro dan Prokes 5M kepada Masyarakat. . #ppkmmikro #protokolkesehatan #polrestulungagung #guyubrukun #akbphandonosubiakto01
positif,@restulungagung Himbauan Tokoh Agama tentang PPKM Mikro dan Prokes 5M kepada Masyarakat. . #ppkmmikro #protokolkesehatan #polrestulungagung #guyubrukun #akbphandonosubiakto01 https://t.co/mStQaWsIuf
positif,Himbauan Tokoh Agama tentang PPKM Mikro dan Prokes 5M kepada Masyarakat. . #ppkmmikro #protokolkesehatan #polrestulungagung #guyubrukun #akbphandonosubiakto01 https://t.co/pAh0sASP9W
positif,Himbauan Tokoh Agama tentang PPKM Mikro dan Prokes 5M kepada Masyarakat. . #ppkmmikro #protokolkesehatan #polrestulungagung #guyubrukun #akbphandonosubiakto01 https://t.co/M020NdO6r6
positif,"RT @humas_jogja: Berdasarkan Instruksi Gubernur Daerah Istimewa Yogyakarta Nomor: 7/INSTR/2021, diberlakukan perpanjangan PPKM Mikro DIY mulai 9 Maret hingga 22 Maret 2021.  #PPKMMikro #PTKM #JogjaIstimewa #InstruksiGubernur https://t.co/saiXMHz1S9"
positif,Himbauan Tokoh Agama tentang PPKM Mikro dan Prokes 5M kepada Masyarakat. . #ppkmmikro #protokolkesehatan #polrestulungagung #guyubrukun #akbphandonosubiakto01 https://t.co/LcG8qek9Uu
positif,Pemerintah Kembali Perpanjang PPKM Mikro
positif,Gubernur WH: PPKM Mikro Diperpanjang Sampai Covid-19 Terbirit-Birit - https://t.co/4VMTkKm0tR #ppkmmikro #banten @PemprovBanten @DPRDBANTEN https://t.co/6Uawtg6pg0
positif,"RT @humas_jogja: Berdasarkan Instruksi Gubernur Daerah Istimewa Yogyakarta Nomor: 7/INSTR/2021, diberlakukan perpanjangan PPKM Mikro DIY mulai 9 Maret hingga 22 Maret 2021.  #PPKMMikro #PTKM #JogjaIstimewa #InstruksiGubernur https://t.co/saiXMHz1S9"
positif,"PPKM Mikro Di Jawa Timur Diperpanjang, Wakapolda Jatim : Masyarakat Harus Tetap Patuhi Prokes | https://t.co/KpsyUtNpIS  #poldajatim #ppkm #ppkmmikro #jawatimur #prokes https://t.co/8tqgIC7FsN"
positif,"Pantau Posko PPKM Mikro di Purwakarta, Begini Kata Kapolda Jabar ğŸ‘‡ https://t.co/VtTb5FKvEP  #jabarnews #beritalokal #beritahiperlokal #harianjabar #jabartoday #beritajabar #beritajawabara #jawabarat #jabar #patauposko #ppkmmikro #purwakarta #kapoldajabar #polisi https://t.co/AxKVvzF18g"
positif,Klo memang ada trend positif selama ppkm mikro kita harus bersyukur
positif,Bupati #Madiun Belum Izinkan Warga Gelar Kegiatan Sosial Budaya â€“ #MadiunInfo #InformasiMadiun #beritamadiun #MadiunNews #kabarMadiun #peristiwamadiun #ppkmmikro #prokes #operasiyustisi #covid19 #sarscov2 #bupati #pemkab #kabupatenmadiun #madiunkab https://t.co/ag0OZfgokk https://t.co/vlTMzJ1gUY
positif,"PPKM Mikro jadi Fokus Pemkab Bulungan Atasi Covid-19, Syarwani: Pemanfaatan Refocusing Anggaran  https://t.co/kwXfqVXSsQ via @Tribun_Kaltara #PPKMMikro #fokus #Pemkab #Bulungan #atasi #Covid19 #Syarwani #Refocusing #Anggaran"
positif,"RT @humas_jogja: Berdasarkan Instruksi Gubernur Daerah Istimewa Yogyakarta Nomor: 7/INSTR/2021, diberlakukan perpanjangan PPKM Mikro DIY mulai 9 Maret hingga 22 Maret 2021.  #PPKMMikro #PTKM #JogjaIstimewa #InstruksiGubernur https://t.co/saiXMHz1S9"
positif,Patuhi protokol kesehatan untuk mewujudkan Blitar bebas covid-19 #divisihumaspolri #patuhiprokes #AyoJogoBlitar #bebasCovid19 #PPKMMikro https://t.co/YM3sB4c68t
positif,Bupati Jombang Tandatangani Perpanjangan PPKM Mikro Tahap Tiga https://t.co/1BaDIH8rDL  #ppkmmikro #Jombang #JawaTimur #Jurnaljatim #Beritaonline #COVID19 #mundjidahwahab
positif,RT @arjuna16sp: Pemaparan #GusMenteri tentang #PPKMMikro di Desa pada Rakornas PB 2021. @jokowi @halimiskandarnu @imansyukri @malik_haramain @taufikmadjid71 @yusradaridesa @fachrilabalado @SukoyoKasekpro @Brigade01Arwan1 @Erwin3977 https://t.co/z8WArW8DSM
positif,"""Kami memperpanjang pembatasan sosial berskala besar melalui PPKM berbasis mikro,"" uckap Bupati Bogor Ade Yasin di Bogor, Selasa (09/03/2021). #Ppkmmikro #PemkabBogor  https://t.co/pxXYICt2H4"
positif,RT @riduwandaddu: Sukseskan PPKM Mikro diperpanjang hingga 22 Maret 2021 #ppkmmikro https://t.co/hAMUn5P96h
positif,"RT @humas_jogja: Berdasarkan Instruksi Gubernur Daerah Istimewa Yogyakarta Nomor: 7/INSTR/2021, diberlakukan perpanjangan PPKM Mikro DIY mulai 9 Maret hingga 22 Maret 2021.  #PPKMMikro #PTKM #JogjaIstimewa #InstruksiGubernur https://t.co/saiXMHz1S9"
negatif,"Ayo mana suar buzzer dan orang dekat dg Jokowi, petinggi negeri ini tentang kerumunan dan melanggar protokol kesehatan yg dilakukan oleh jokowi, ayo mana nyinyirnya"
negatif,Bansos Februari blom cair Gimana nih sistemnya
negatif,duit bansos abis bos??!! blm ditransfer juga udah lewat 1 bulan.PEMERINTAH TUKANG BERAK..!!!!!
negatif,"Neken terus, klo gak neken mana enak sampe mentok"
negatif,"Bencana dimana-mana, bansos salah sasaran , masyarakat kecil nggak dapat bantuan, makin murka tuhanku"
negatif,Aturan ini lah itu lah. Repot bener. Dia bilang kecewa sm ppkm tapi mobilitas tetap meningkat. Simple sebetulnya. Pake otak yg jernih. Stop atau tutup spbu. Jngn keluarkan atau jual bbm. Sudah. Tamat
negatif,Tinggal bilang PSBB 1 tahun penuh aja gimana? Daripada diberi kepastian g jelas kapan berakhir PSBBnya
negatif,Setahun lalu yg terkena covid19 cuma 3 orang...pake psbb..sekarang jadi 1 juta...piye jal
negatif,Dahulu Jakarta dan sekitarnya mau lockdown .. eh dilarang2 ..Padahal cuman modal 10 triliun buat 2 bulan ..Malah sekarang anggaran covid ratusan triliun ..Dana bansos dikorupsi ..Weleh2
negatif,"D Bali rakyat menangis ppkm bukan solusi pak,malah menambah beban masyarakat terutama pedagang.. ekonomi sulit malah d batasi untuk mencari uang coba mikir dengan jernih lihat fakta d lapangan jngan lihat data palsu,kasian masyarakat selalu d jadikan korban,klw terus seperti ini nanti bnyak yg berontak jngan salahkan masyarkat nya mereka semua sdah capek ngomong baik"" gak pernah d tanggapi"
negatif,Masjid  juga jangan disekat pakai jaga jarak lagi. Lah ! wong pertunjukan musik dan kebudayaan saja boleh
negatif,"Duh...gimana sih, orang pesta perkawinan aja dibubarin, ini kok diizinkan"
negatif,"Zona hijau kakak..yg merah, oranye,kuning tetep gigit jari.. ahh sudahlah.. capek di bohongi"
negatif,Udh babas om kemaren KLB  demokrat berjalan lancar walaupun Tanpa izin. Banyak lo pesertanya Dan ada yg bekerumun
negatif,"Gimana mau percaya, orang kerumunan dilarang eh malah ada kaisar yang spontanitas mengundang kerumunan Dahlah.â€¦ Politik itu kejam, kekuasaan adalah hal paling keji untuk merusak harkat keadilan"
negatif,"Ahirnya Adanya Hanya Pembodohan Generasi Bangsa,,, kalau Sekolahan, Tdk Di Buka"
negatif,Imbas dr pemerintah yg gagap dlm penanganan awal pandemi
negatif,"apa bedanya seberangnya masih bisa dilalui, kebijakan yg absurd dan merugikan banyak pihak terutama pemakai jalan dan warga sekitar yg harus memutar lbh jauh"
negatif,Parahnya yg jadi warga pendatang yg bekerja dilapis bawah dengar sdh kesampaian makan bubur supaya berasnya bisa di gunakan berhari hari mau pulang kedaerahnya dk punya ongkos bertahan di Bali tetpakasa
negatif,"Yg miskin makin miskin, yg kaya makin semena. Bikin kebijakan setengah dan penyampaian nya kaya edukasi anak paud"
negatif,Alangkah baik nya pemangku kepentingan pejabat memikirkan supaya rakyat kecil bisa makan gk resa karena ketakutan gk bisa makan kebijakan yang slalu rakyat mengelu tolong pak pikirkan rakyat
negatif,Sampai PPKM berlanjut terus dan semakin menyusahkan masyarakat sendiri
negatif,Coba aja liat sepanjang jalan dari mampang ke arah pasr minggu .. Trotoar yg di bangun pake uang pajak rakyat yg jumlahnya milyaran .. Hanya jd tmp yg nyaman ..buat .tukang nasi goreng . pecel lele dan parkir liar
negatif,"Kerjanya ninjau terus, giliran ada yg bermasalah seperti rumah DP 0% bilangnya gak tau??"
negatif,"Ko itu ada pengamen ondel2 didiemin, ngamen pake atribut Betawi tuh, dan gaa sedikit byk di lapangan"
negatif,Yang melapangkan trotoar demi kenyamanan sepihak tapi pihak lain dibuat tak nyaman
negatif,"Pak gubernur ga ada kah ide lain selain pembatasan pembatasan dan pembatasan??? Udh 1 tahun lo ini, katanya dpet uang bantuan dari pusat nyatanya sampe sini yg muncul aturan pembatasan trus"
negatif,Hahaha......sakit hati kok bertahun-tahun yak....hahaha.... awas setruk.....haha
negatif,"Pak Anies, yg miskin yg pnghasilannya UMP apa yg 14jt? Janjinya dulu yg miskin bisa punya rmh. Kok yg UMP yg miskin ttep ngontrak? Tapi anda msih boleh bangga. Tuh wkt bpk antusias boongin warga miskin, Bpk masih mndpt Applaus hebih dr jkt58"
negatif,"Saya mohon dengan hormat bapak petugah yang sangat bijaksana ,,,, tolong pabrik garmen itu banyak kerumunan di tutup to pak jangan pilih,, itu orang dari mana,, kumpul jadi satu kok di biarkan ,,,,, jangan yang kecil,, kasihan pak trimakasih"
negatif,Lanjutkan pak sampai rakyatmu mati kelaparan
negatif,SIAPA YANG PALING BERWENANG DGN MASALAH PEMBODOHAN INI TOLONG JELASKAN BAGI YG MENGERTI
negatif,"Mereka bilang covid itu konspirasi pemerintah. Mereka ga pake masker katanya aturan Allah aja ga diikutin, ngapain ikutin aturan pemerintah"
negatif,"Sudah satu tahun muter2 dengan covid hasilnya bertambah saja berarti covid tidak perlu ditakuti klu sakit berobat sama dokter,tetap patuhi porkes,kegitan masyarakat tetap dibuka seluas2nya"
negatif,Yg terjadi sekarang itu kejangkitan massal bukan kematian massal.. bkn seperti yg di gembar gemborkan seperti di China orang tiba ambruk dan mati di jalanan
negatif,"Namanya ppkm mikro, mikro : kecil. Berarti yg kena sasaran rakyat kecil"
negatif,Jualan dibatasi sampai jam 9 malam.Kenapa garment kalau lembur sampai tengah malam tetep boleh????padahal berkurumun
negatif,pemerintah terlalu berlebihan dalam menangani covid. beritanya lebih berbahaya dan kejam dari virusnya
negatif,Aku lihat di lapangan protokol kesehatan kira patuh cuma 75 persen masih banyak yg abaikan protokol kesehatan
negatif,"Kalau garmen di buka tolong anak,, kita yang sekolah di masukan lagi kasihan generasi penerus bangsa lo pak anak,, kita itu"
negatif,"Kerjanya emang malam kok di razia, dasar koplak sudah gak punya hati nurani"
negatif,"Ini udah diganti berapa kali dari mulai psbb, pkpm trus sekarang ganti lagi ppkm mikro trus dari ke 2 hasilnya apa malah bikin rakyat menderita aja boro turun angka positif yg ada malah meningkat"
negatif,ujung-ujungnya dana bansos diberitakan dikorupsi bahkan dirancang sejak awal pandemi
negatif,"Terlalu di besar-besarkan, pandemi covid-19 iniâ€¦ Tidak mikir, orang yang penghasilannya dapat hari ini, untuk di makan besok"
negatif,Setiap yg sakit.di bilang corona .fimana ga banyak yg d bilang kena.. Pengalaman sendiri
negatif,benar banget tuh.â€¦ pemerintah jadikan covid ladang usaha.... yng bikin rakyat kecil mati kelaparan
negatif,"Sudah tau gagal, malah diterusin :) mau marah tp takut diserang pendukungnya, pasrah aja udah"
negatif,"Kasihan masyarakat kecil pak, mareka susah buat makan saja masih sangat bingung, kerjaan nggak ada, semua tutup, kemana mana serba dibatasi, diam dirumah,...terus kami makan apa bapak Presiden"
negatif,Aktivitas masyarakat jangan lah di batasi ....yg kena covid saja di kurung ....biar ekonomi tumbuh kembali berikan kebijakan yg bijaksana biar masyarakat tidak kelaparan Hilangkan ppkm tu
negatif,"Semakin ppkm semakin meningkat angka covid, berarti nggak ada guna ni ppkm"
negatif,RT @jpnncom: Tiga provinsi yang tak menjalankan kebijakan PPKM dan PPKM skala mikro menunjukan peningkatan kasus aktif Covid-19. #Ppkmmikro https://t.co/sOhi56lRZA
negatif,Tiga provinsi yang tak menjalankan kebijakan PPKM dan PPKM skala mikro menunjukan peningkatan kasus aktif Covid-19. #Ppkmmikro https://t.co/sOhi56lRZA
negatif,Jam Tutup Usaha Dilonggarkan Jadi Pukul 22.00 Wita https://t.co/HwFdBrSvVI #berita #nusabali #JamMalam #PPKMMikro #pandemi
negatif,RT @IndonesiaBaikId: Hai SohIB! Kebijakan #PPKMMikro akan diperpanjang lho. Cakupannya pun akan diperluas. Mengapa?#IndonesiaBaik #YangMudaSukaData #DailyIssue #Infografis #PPKM #PSBB #COVID19 #KominfoNewsroom @BNPB_Indonesia https://t.co/110aezdisX
negatif,Begini Pesta Ultah Pedangdut Lara Silvi yang Digelar tanpa Pakai Masker dan Berkerumun#protokolkesehatan #melanggarprokes #wajibmasker #tanpamasker #kerumunan #ppkm #ppkmmikro #cafedefins #larasilvi #dangdut #psbb #viruscorona #viruscovid19 #covid19 #coronahttps://t.co/UqwLrJu8oN
negatif,"Rembang, https://t.co/F73HKt1Ygv â€“ Pemerintah Kabupaten Rembang memberikan izin kepada pelaku wisata untuk beroperasi selama empat hari dalam satu minggu di masa pemberlakuan pembatasankegiatan masyarakat (PPKM) skala mikro. #KabupatenRembang #ppkmmikrohttps://t.co/9NvWMcXO3m https://t.co/YM2qsgyyzz"
negatif,Restoran-Mall Bisa Buka hingga Pukul 22.00 Wita https://t.co/UdYIp6OBdu #PPKMMikro #berita #nusabali #pandemi #COVID19 #JamMalam
negatif,Hahaha......sakit hati kok bertahun-tahun yak....hahaha.... awas setruk.....haha
negatif,Masih banyak aja orang2 yang berkeliaran #tanpamasker... Wajar kalau #personilmedis sampai #mogokkerja... #INDONESIATERSERAH
negatif,Hahaha......sakit hati kok bertahun-tahun yak....hahaha.... awas setruk.....haha
negatif,"Dia sering muncul di media dalam berbagai kegiatan kenegaraan #tanpamasker. Mengapa tak pakai masker, Pak? ""Pilihan pribadi"". Tak ada sangsi, tak ada denda. Siapa sih bapak itu? Dia presiden! Hari ini ada liputan yang memberitakan bahwa ini kali pertama Trump mengenakan masker."
negatif,Ribuan warga demonstrasi menolak kebijakan lockdown dan protokol kesehatan termasuk menentang pemakaian masker. #TanpaMasker
negatif,"Langgar Aturan, Tasyakuran Kelahiran Anak Dibubarkan. #wartajateng #langgarppkm #langgarpsbb"
negatif,Jualan dibatasi sampai jam 9 malam.Kenapa garment kalau lembur sampai tengah malam tetep boleh????padahal berkurumun
negatif,"Kerjanya ninjau terus, giliran ada yg bermasalah seperti rumah DP 0% bilangnya gak tau??"
negatif,"Kerjanya ninjau terus, giliran ada yg bermasalah seperti rumah DP 0% bilangnya gak tau??"
negatif,"Kafe RM Langgar PSBB, Bambang Ismadi Sebut Ketiga Kalinya https://fajar.co.id/2021/02/26/kafe-rm-langgar-psbb-bambang-ismadi-sebut-ketiga-kalinya/â€¦ #BambangIsmadi #KafeRM #LanggarPSBB"
negatif,"Dua kafe di Dago, Kota Bandung disegel tim gugus tugas covid-19 karena melanggar dengan melebihi batas waktu operasional di saat pemberlakuan PSBB untuk memutus mata rantai penularan covid-19. Baca selengkapnya klik https://bit.ly/3cTwaqc #NewsOne #vivanews #LanggarPSBB"
negatif,"Langgar PSBB, 101 Perusahaan Ditutup Sementara Ahttp://arahkita.com/news/read/22027/langgar_psbb__101_perusahaan_ditutup_sementaraâ€¦ #BeritaTerkini #BeritaJakarta #Jakarta #PSBB #PSBBJakarta #Perusahaan #LanggarPSBB #Nasional #NewsUpdate #news #Berita #COVID19 #Corona"
negatif,Ini Sanksi bagi Pelanggar PSBB DKI Jakarta Menurut Pergub 41/2020 https://arahkita.com/news/read/22453/ini_sanksi_bagi_pelanggar_psbb_dki_jakarta_menurut_pergub_41_2020_â€¦ #BeritaTerkini #BeritaJakarta #Jakarta #PSBB #PSBBJakarta #PelanggarPSBB #Sanksi #Pergub #GubernurDKI #AniesBaswedan #Nasional #NewsUpdate #news #Berita
negatif,Depok Siapkan Sanksi Pidana bagi Pelanggar PSBB https://arahkita.com/news/read/22277/depok_siapkan_sanksi_pidana_bagi_pelanggar_psbbâ€¦ #BeritaTerkini #Depok #JawaBarat #PemkotDepok #SanksiPidana #PelanggarPSBB #PSBB #PSBBdepok #COVID19 #CegahCOVID19 #Nasional #NewsUpdate #news #Berita
negatif,"""Obat nganggur adalah berkumpul dan mengobrol, setelah dari itu......nganggur lagi"" #PelanggarPSBB #astagfiraullah #pemudabiasaaja"
negatif,Bagi masyarakat melanggar PSBB di Jakarta akan dimasukan ke dalam peti jenazah. #PelanggarPSBB
negatif,"susah emang kalo pas kecil kerjaannya ngomong ""peraturan tuh dibikin buat dilanggar...*sambil petantang-petenteng cengar-cengir merasa paling kece* "" #pelanggarpsbb #prihatin"
negatif,Tempat hiburan karaoke dan bar milik Ahmad Dhani di kawasan Mangga Besar tepergok melakukan pelanggaran PSBB. #karaokemasterpiece
negatif,"Warga Masih Cuek Tak Pakai Masker, Polisi Gencarkan Patroli di Pasar #IniKebumen #WargaCuek #TanpaMasker #COVID19"
negatif,BACOT!!! Tolak PSBB!! Tolak PPKM!!. Tolak Lockdown!! Kagak ngaruh ya pantek!
negatif,PKL Hingga Pedagang Kecil di Malioboro Kompak Tolak PPKM Diperpanjang
negatif,"Yang punya warung makan ngomong ke Pol PePe: ""Kalian enak dapat gaji, kami dapat apa? "" Tolak PPKM dan PSBB, orang yang nurut dari PSBB awal sudah lelah."
negatif,"Tanpa Kompensasi Dan Solusi, Pelaku Usaha Di Jateng Tolak Perpanjangan PPKM"
negatif,PHRI Demak Tolak PerpanjanganÂ PPKM
negatif,Ganjar Pranowo Soroti Keinginan Bupati Karanganyar Tolak Perpanjangan PPKM Jilid II
negatif,"Tolak Kebijakan Pusat, Kota Surabaya Minta Dikecualikan dari PPKM"
negatif,"Drpd diketatkan, baiknya dihentikan PPKM. Blm prnah ada PPKM/PSBB memiliki dampak trhadap kasus. Tp lindungi nakes. Tolak pasien yg abai 5M. RS hanya menerima mrk yg patuh 5M"
negatif,"Gara gara PPKM, weekendku suram.! Weekend hanya goleran saja. Dah bingung mau nonton apa lagi. Dah bosen di rumah.!"
negatif,"Gajian tetep penuh, ga kepotong gara-gara omset sepi mergo PPKM Mikro kontolamoh"
negatif,"gara gara ppkm, nyari comfort food jam segini emang susah, pada tutup semua"
negatif,Akhirnya pegang hp setelah 2 hari ga pegang gara gara ppkm menyiksa
negatif,Aiihh gara gara ppkm aku buang penawaran2 baik untuk besok *padahal kan hrs nya bsk jd hari menyenangkan
negatif,gara gara ppkm atau apalah w belom keluar rumah yang bener2 pergi hangout samsek padahal kan aku sudah mencapai semua goalsku
negatif,Ini gara gara ppkm tutup jam 7 dibekasi jdi ngamuk? Hahaha
negatif,"PPKM tidak efektif. Tidak EFEKTIF. Tau ga kita dirumahkan lagi gara-gara PPKM? Dan ternyata PPKM TIDAK EFEKTIF. Implementasi tidak sesuai dengan harapan, angka covid tetep naik. Ya Allah, dipikir nafkah orang nih mainan apa ya?"
negatif,"Besok kemana ? Niat pengen main udah cerah, cuma tujuannya masih gelap -_- Gara-gara PSBB, PPKM, terus ada PPKM mikro. nanti ubah lagi jadi PPKM mikro revisi, PPKM mikro fiks ya Allah"
negatif,"2 Pekan PPKM Kota Bandung, Kasus Covid-19 Masih Naik"
negatif,"tolonglah pejabat2 pembuat keputusan PPKM di baca ini komentar dari rekan2 disini, ga efektif sama sekali, mending sudahi saja biarkan normal"
negatif,Gubernur Jawa Tengah Ganjar Pranowo menanggapi kabar yang menyebut ada denda tilang untuk masyarakat tanpa denda masker. #TanpaMasker
negatif,Masih banyak aja orang2 yang berkeliaran #tanpamasker... Wajar kalau #personilmedis sampai #mogokkerja... #INDONESIATERSERAH
negatif,RT @jpnncom: Tiga provinsi yang tak menjalankan kebijakan PPKM dan PPKM skala mikro menunjukan peningkatan kasus aktif Covid-19. #Ppkmmikro https://t.co/sOhi56lRZA
negatif,benar banget tuh.â€¦ pemerintah jadikan covid ladang usaha.... yng bikin rakyat kecil mati kelaparan
negatif,Aiihh gara gara ppkm aku buang penawaran2 baik untuk besok *padahal kan hrs nya bsk jd hari menyenangkan
netral,RT @humas_jogja: Pengumuman perpanjangan Pemberlakukan Pembatasan Kegiatan Masyarakat Berbasis Mikro.  #PPKMMikro #JogjaIstimewa #COVID-19 #JogjaElingLanWaspada https://t.co/ROoMoqoBGC
netral,Proyek dlm penanganan covid yg pasti laris manis
netral,RT @humas_jogja: Pengumuman perpanjangan Pemberlakukan Pembatasan Kegiatan Masyarakat Berbasis Mikro.  #PPKMMikro #JogjaIstimewa #COVID-19 #JogjaElingLanWaspada https://t.co/ROoMoqoBGC
netral,RT @humas_jogja: Pengumuman perpanjangan Pemberlakukan Pembatasan Kegiatan Masyarakat Berbasis Mikro.  #PPKMMikro #JogjaIstimewa #COVID-19 #JogjaElingLanWaspada https://t.co/ROoMoqoBGC
netral,RT @humas_jogja: Pengumuman perpanjangan Pemberlakukan Pembatasan Kegiatan Masyarakat Berbasis Mikro.  #PPKMMikro #JogjaIstimewa #COVID-19 #JogjaElingLanWaspada https://t.co/ROoMoqoBGC
netral,RT @humas_jogja: Pengumuman perpanjangan Pemberlakukan Pembatasan Kegiatan Masyarakat Berbasis Mikro.  #PPKMMikro #JogjaIstimewa #COVID-19 #JogjaElingLanWaspada https://t.co/ROoMoqoBGC
netral,Bukannya yg dibatasi untuk yg zona merah saja. Bukan semua pak
netral,RT @humas_jogja: Pengumuman perpanjangan Pemberlakukan Pembatasan Kegiatan Masyarakat Berbasis Mikro.  #PPKMMikro #JogjaIstimewa #COVID-19 #JogjaElingLanWaspada https://t.co/ROoMoqoBGC
netral,"Terus, kalo angkringan pinggir jalan.. maksimal sampai jam berapa bukanya"
netral,Ntar kalo kasus nya Naik lagi turunin lagi tutup jam 5 sore.
netral,"Pemberlakuan Pembatasan Kegiatan Masyarakat atau PPKM Berbasis Mikro kembali diperpanjang yakni mulai tgl 9-22 Maret 2021. Mari dukung PPKM Mikro guna mencegah penyebaran Covid-19 dan menerapkan 3M (Mencuci tangan, Memakai Masker dan Menjaga jarak)"
netral,"Pemberlakuan Pembatasan Kegiatan Masyarakat atau PPKM Berbasis Mikro kembali diperpanjang yakni mulai tgl 9-22 Maret 2021. Mari dukung PPKM Mikro guna mencegah penyebaran Covid-19 dan menerapkan 3M (Mencuci tangan, Memakai Masker dan Menjaga jarak)"
netral,"Pemberlakuan Pembatasan Kegiatan Masyarakat atau PPKM Berbasis Mikro kembali diperpanjang yakni mulai tgl 9-22 Maret 2021. Mari dukung PPKM Mikro guna mencegah penyebaran Covid-19 dan menerapkan 3M (Mencuci tangan, Memakai Masker dan Menjaga jarak)"
netral,"Pemberlakuan Pembatasan Kegiatan Masyarakat atau PPKM Berbasis Mikro kembali diperpanjang yakni mulai tgl 9-22 Maret 2021. Mari dukung PPKM Mikro guna mencegah penyebaran Covid-19 dan menerapkan 3M (Mencuci tangan, Memakai Masker dan Menjaga jarak)"
netral,"Pemberlakuan Pembatasan Kegiatan Masyarakat atau PPKM Berbasis Mikro kembali diperpanjang yakni mulai tgl 9-22 Maret 2021. Mari dukung PPKM Mikro guna mencegah penyebaran Covid-19 dan menerapkan 3M (Mencuci tangan, Memakai Masker dan Menjaga jarak)"
netral,"Pemberlakuan Pembatasan Kegiatan Masyarakat atau PPKM Berbasis Mikro kembali diperpanjang yakni mulai tgl 9-22 Maret 2021. Mari dukung PPKM Mikro guna mencegah penyebaran Covid-19 dan menerapkan 3M (Mencuci tangan, Memakai Masker dan Menjaga jarak)"
netral,"Pemberlakuan Pembatasan Kegiatan Masyarakat atau PPKM Berbasis Mikro kembali diperpanjang yakni mulai tgl 9-22 Maret 2021. Mari dukung PPKM Mikro guna mencegah penyebaran Covid-19 dan menerapkan 3M (Mencuci tangan, Memakai Masker dan Menjaga jarak)"
netral,"Pemberlakuan Pembatasan Kegiatan Masyarakat atau PPKM Berbasis Mikro kembali diperpanjang yakni mulai tgl 9-22 Maret 2021. Mari dukung PPKM Mikro guna mencegah penyebaran Covid-19 dan menerapkan 3M (Mencuci tangan, Memakai Masker dan Menjaga jarak)"
netral,"tapi untuk operasional dan teknis di lapangan apakah ada caranya. Kasi arahan pedagang kecil atau contoh ijinkan mereka buka tp tidak boleh makan di tempat atau wajib bawa pulang, mereka tetap buka orang kumpul2 juga tidak ada"
netral,ya terserah saja mau diperpanjang sampai kapan lo bos
netral,anda pernah bilang kalau bali penerapan protokol yg terbaik dari semua provinsi.. apa gunanya protokol itu klo tidak ada orang yg datang ke bali. Percuma saja
netral,Apa pemerintah lupa dengan ucapan bapak jokowi selaku presiden.bahwa.jangan membuat banyak aturan.negara kita negara hukum.jadi jangan seenakanya sendiri membuat aturan 
netral,PPKM kok justru kasus positif terus meningkat dimana salahnya ?
netral,masyarakat meminta jangan mengeluarkan himbauan yang merugikan masyarakat kecil tanpa solusi.
netral,"Sekedar usul saja pak jika media wartawan menanggapi kasus-kasus covid yg beredar di redam,,munkin gk terjadi berita yg signifikan,apa Indonesia mau berlarut2 dalam wabah penyakit,jika penyakit nafsu di kurangi itu bisa jika nefsu di hilangkan gk bakalan bisa setidaknya ada respon dalam kegiatan yg sudah ada protokol nya.namun jika banyak berita yg beredar dg covid munkin TDK akan selesai.sebelumnya minta maaf,hanya sekedar himbuan saja"
netral,"Menurut saya semua benar. Pak petugas benar, karena menjalankan tugas. Pengusaha juga benar, karena dia butuh uang untuk gaji karyawan"
netral,Kalau lagi diperpanjang maka bisa terjadi orang meninggal kena covid makin dikit tapi orang meninggal karena kelaparan lebih banyak
netral,Ya sama seperti dikampung saya dan di lingkungan hidup saya
netral,"Heran ya bang, masih ada aja orang yg kaga percaya corona"
netral,Berarti semua pasien yg ada di ruangan tersebut terpapar covid dong bu
netral,"Aku bukan gak menghargai maksud baik dari langkah yg di upayakn oleh pemerintah,akan tetapi tidakkah bisa sedikit mengevaluasi,sudah satu tahun menerapkan ini toh tidak ada hasil yg memadai justru cenderung meningkat,itu artinya upaya itu tidak tepat dan pas"
netral,Sekalipun inter dibuka belum tentu juga tamu datang ke bali karena negaranya juga melarang mereka berwisata
netral,Kalo di satu rumah ada yg kena pasti rumah yg lain juga ada..masa orang itu cuma berinteraksi dg keluarganya saja
netral,Bener. Yang terinfeksi oleh Covid itu paru-paru. Kenapa seluruh badan harus diisolasi
netral,Ya udah telat pun sekarang pake lockdown... waktu awal itu lockdown y masih oke... sekarang aktivitas normal baru aja
netral,Anda itu belajar sama siapa? Kota Perth Australia ada kasus covid 1 orang langsung lockdown kok satu kota
netral,Tes per harinya memang disetting menurun ya min? Atau kenapa cenderung menurun
netral,Kenapa cuma jawa bali yg diperketat sementara propinsi lain mah bebas wae
netral,"Dari pada ribet ngumumin perpanjang mulu, langsung aja PPKM sampai 0 kasus"
netral,Bpk.gubernur.... apakah tidak ada patroli gugus tugas covid 19 dki yg bisa tertibkan pedagang dan kerumunan orang ditrotoar depan RSCM dan kampus pasca sarjana uki.....tiap hari jadi tempat kerumunan
netral,"assalamuâ€™alaikum pak ini pak banyak trotoar yang sudah di renovasi dan luas buat pejalan kaki dan pesepeda, tetapi malah di gunakan oleh pemotor dan ojol, jadi trotoar pada rusak"
netral,"Apapun keputusan pemerintah entah dilockdown sebulan atau 2 bulan rakyat gk khawatir kalau tagihan listrik,air, cicilan sepeda motor, belanja harian ditanggung pemerintah"
netral,"terserah udah gk punya uang buat ke mall juga,,, muak"
netral,Diperpanjang boleh tapi Kasikan masyarakat yg kurang mampu bantuan pangan
netral,BST FEBRUARI MANA NIH...MASA PSBB TERUS TAPI BST GA TURUN TURUN 
netral,"Di stop anggaran covidnya , tim medis & media di bungkam pasti covid ilang dengan sendiri nya percaya deh"
netral,hmm...  kira2 apa sekarang bisa seperti ini lagi komunikasi juga solusi langsung dan dekat dengan warga
netral,Kalau Rakyat Malam Kelaparan mau cari makan Kemana lagi?
netral,"mending satu kota yang kena corona karena lokdown dari pada menyebar ke kota lain, jadi bisa di tangani dengan cepat, kalo udah nyebar ke kota lain gimana mau idenfikasinya"
netral,Maaf nih kalo mau ninjau jangan yg sudah rapih aja dong
netral,PPKM SKALA MIKRO POLRES PASURUAN KOTA
netral,Pengecekan Posko PPKM mikro dan Kampung Tangguh
netral,"Forkopimda Jatim meninjau pelaksanaan TMMD dan PPKM Mikro di Desa Ngrancang Kec. Tambakrejo, Kab. Bojonegoro."
netral,Operasi Yustisi Protokol Kesehatan dan pengawasan PPKM Mikro
netral,"Pemberlakuan Pembatasan Kegiatan Masyarakat atau PPKM Berbasis Mikro kembali diperpanjang yakni mulai tgl 9-22 Maret 2021. Mari dukung PPKM Mikro guna mencegah penyebaran Covid-19 dan menerapkan 3M (Mencuci tangan, Memakai Masker dan Menjaga jarak)"
netral,Polres Magetan Kegiatan Polsek Sukomoro Bersama Jajaran Forkopimca Kecamatan Sukomoro Laksanakan Pengecekan Posko PPKM Mikro Desa Bogem.
netral,Operasi Yustisi Prokes dan Pengawasan PPKM Mikro
netral,Polsek Selorejo Polres Blitar laksanakan pengawalan dan pengamanan pemakaman jenazah pasien Covid-19
netral,PPKM mikro diperluas hingga luar kota 
netral,"6 Daerah di Sumut Terapkan PPKM Mikro, Termasuk Pematangsiantar dan Simalungun"
netral,Kabupaten Bogor Perpanjang PPKM Mikro Hingga 22 Maret 2021
netral,Pemerintah memutuskan untuk kembali memperpanjang pelaksanaan PPKM Mikro dari 9-22 Maret 2021 di sejumlah provinsi.
netral,Pemerintah Provinsi DKI Jakarta memperpanjang masa pemberlakuan pembatasan kegiatan masyarakat (PPKM) mikro hingga 22 Maret 2021. 
netral,PPKM Mikro Surabaya Diperpanjang
netral,Pemerintah memutuskan untuk memperpanjang kebijakan Pemberlakuan Pembatasan Kegiatan Masyarakat (PPKM) Mikro.
netral,"PPKM Mikro Turunkan Kasus COVID-19, Satgas: Kalau Ragu Silakan Amati Sampai Akhir"
netral,"Diklaim Turunkan Kasus Aktif, PPKM Mikro Diperpanjang dan Diperluas"
netral,Ridwan Kamil menerbitkan surat edaran terkait perpanjangan PPKM hingga 22 Maret.
netral,"Perpanjangan PPKM Mikro Targetkan Kasus Aktif Terus Menurun: Jumlah kasus aktif dalam angka, menunjukkan seberapa besar masalah yang ada."
netral,"Sejumlah destinasi wisata di Jakarta, seperti Ragunan dan museum mulai dibuka pada perpanjangan PPKM skala mikro. Namun jumlah pengunjung dibatas 50%."
netral,PPKM mikro jilid dua akan berakhir 8 Maret 2021.
netral,"Menurut Khofifah, PPKM atau PPKM Mikro memang menunjukkan beberapa hasil yang signifikan, namun masih diperlukan upaya yang lebih besar lagi untuk dapat menurunkan penyebaran Covid-19 di Jatim melalui perpanjangan PPKM Mikro"
netral,Pemkab Ponorogo akan melakukan penguatan Satgas Penanggulangan Covid-19 tingkat RT. Hal ini menyusul perpanjangan Pemberlakuan Pembatasan Kegiatan Masyarakat (PPKM) Mikro mulai 8 Maret kemarin hingga 22 Maret 2021 mendatang.
netral,"Menurut Khofifah, perpanjangan PPKM Mikro tersebut berdasarkan Instruksi Menteri Dalam Negeri."
netral,Perpanjangan pemberlakuan pembatasan kegiatan masyarakat atau PPKM di Jawa Timur dilakukan dengan harapan dapat menurunkan mobilitas warga agar penularan Covid-19 bisa terkendali.
netral,"Kata Gubernur Jatim, masih diperlukan upaya yang lebih besar lagi untuk dapat menurunkan penyebaran Covid-19 di Jawa Timur melalui perpanjangan PPKM Mikro"
netral,"Menurut Khofifah, baik PPKM maupun PPKM Mikro memang sudah menunjukkan beberapa hasil yang signifikan, namun msh diperlukan upaya yang lbih besar lagi utk dpt menurunkan penyebaran Covid - 19 di Jawa Timur melalui perpanjangan PPKM Mikro"
netral,"Mau komen tentang ppkm, tapi takut di dm"
netral,Pendisiplinan Oleh Polres Tulungagung Kota dan Tim Gugus Tugas Covid-19 Melaksanakan Sosialisasi Kepada Masyarakat Tentang PPKM Guna Menekan Penyebaran Covid-19 di Kab. Tulungagung
netral,"Dalam Rangka Pemberlakuan Pembatasan Kegiatan Masyarakat (PPKM) , Satlantas polres Ngawi Melaksanakan giat Sosialisasi dan pembagian Masker tentang Pemberlakuan Pembatasan Kegiatan Masyarakat (PPKM)"
netral,PPKM Mandiri Efektif tekan Penyebaran Covid-19
netral,PPKM Mikro solusi tekan Covid-19 selain vaksin
netral,PPKM Mikro Selalu Disiplin 5M
netral,"kadang pengin komentar mengenai psbb atau ppkm tp, kayanya lebih penting vaccine dehâ€¦. atau jangan2... ah sudahlah..."
netral,RT @humas_jogja: Pengumuman perpanjangan Pemberlakukan Pembatasan Kegiatan Masyarakat Berbasis Mikro.  #PPKMMikro #JogjaIstimewa #COVID-19 #JogjaElingLanWaspada https://t.co/ROoMoqoBGC
netral,RT @humas_jogja: Pengumuman perpanjangan Pemberlakukan Pembatasan Kegiatan Masyarakat Berbasis Mikro.  #PPKMMikro #JogjaIstimewa #COVID-19 #JogjaElingLanWaspada https://t.co/ROoMoqoBGC
netral,RT @humas_jogja: Pengumuman perpanjangan Pemberlakukan Pembatasan Kegiatan Masyarakat Berbasis Mikro.  #PPKMMikro #JogjaIstimewa #COVID-19 #JogjaElingLanWaspada https://t.co/ROoMoqoBGC
netral,RT @humas_jogja: Pengumuman perpanjangan Pemberlakukan Pembatasan Kegiatan Masyarakat Berbasis Mikro.  #PPKMMikro #JogjaIstimewa #COVID-19 #JogjaElingLanWaspada https://t.co/ROoMoqoBGC
netral,RT @humas_jogja: Pengumuman perpanjangan Pemberlakukan Pembatasan Kegiatan Masyarakat Berbasis Mikro.  #PPKMMikro #JogjaIstimewa #COVID-19 #JogjaElingLanWaspada https://t.co/ROoMoqoBGC
netral,RT @humas_jogja: Pengumuman perpanjangan Pemberlakukan Pembatasan Kegiatan Masyarakat Berbasis Mikro.  #PPKMMikro #JogjaIstimewa #COVID-19 #JogjaElingLanWaspada https://t.co/ROoMoqoBGC
netral,Selalu disiplin Prokes #PPKMMikro https://t.co/uaDK8CAZIZ
netral,RT @humas_jogja: Pengumuman perpanjangan Pemberlakukan Pembatasan Kegiatan Masyarakat Berbasis Mikro.  #PPKMMikro #JogjaIstimewa #COVID-19 #JogjaElingLanWaspada https://t.co/ROoMoqoBGC
netral,RT @humas_jogja: Pengumuman perpanjangan Pemberlakukan Pembatasan Kegiatan Masyarakat Berbasis Mikro.  #PPKMMikro #JogjaIstimewa #COVID-19 #JogjaElingLanWaspada https://t.co/ROoMoqoBGC
netral,RT @humas_jogja: Pengumuman perpanjangan Pemberlakukan Pembatasan Kegiatan Masyarakat Berbasis Mikro.  #PPKMMikro #JogjaIstimewa #COVID-19 #JogjaElingLanWaspada https://t.co/ROoMoqoBGC
netral,RT @humas_jogja: Pengumuman perpanjangan Pemberlakukan Pembatasan Kegiatan Masyarakat Berbasis Mikro.  #PPKMMikro #JogjaIstimewa #COVID-19 #JogjaElingLanWaspada https://t.co/ROoMoqoBGC
netral,RT @humas_jogja: Pengumuman perpanjangan Pemberlakukan Pembatasan Kegiatan Masyarakat Berbasis Mikro.  #PPKMMikro #JogjaIstimewa #COVID-19 #JogjaElingLanWaspada https://t.co/ROoMoqoBGC
netral,RT @humas_jogja: Pengumuman perpanjangan Pemberlakukan Pembatasan Kegiatan Masyarakat Berbasis Mikro.  #PPKMMikro #JogjaIstimewa #COVID-19 #JogjaElingLanWaspada https://t.co/ROoMoqoBGC
netral,RT @humas_jogja: Pengumuman perpanjangan Pemberlakukan Pembatasan Kegiatan Masyarakat Berbasis Mikro.  #PPKMMikro #JogjaIstimewa #COVID-19 #JogjaElingLanWaspada https://t.co/ROoMoqoBGC
netral,RT @humas_jogja: Pengumuman perpanjangan Pemberlakukan Pembatasan Kegiatan Masyarakat Berbasis Mikro.  #PPKMMikro #JogjaIstimewa #COVID-19 #JogjaElingLanWaspada https://t.co/ROoMoqoBGC
netral,RT @humas_jogja: Pengumuman perpanjangan Pemberlakukan Pembatasan Kegiatan Masyarakat Berbasis Mikro.  #PPKMMikro #JogjaIstimewa #COVID-19 #JogjaElingLanWaspada https://t.co/ROoMoqoBGC
